{
  "overall": {
    "precision": 0.770850549588432,
    "recall": 0.765912541193024,
    "f1": 0.767976117740649,
    "num_samples": 27007.0
  },
  "class": {
    "BACKGROUND": {
      "precision": 0.5845396641574986,
      "recall": 0.6195151887081927,
      "f1": 0.6015194398927455,
      "num_samples": 3259.0
    },
    "CONCLUSIONS": {
      "precision": 0.6348805147058824,
      "recall": 0.6778704612365064,
      "f1": 0.655671570953963,
      "num_samples": 4076.0
    },
    "METHODS": {
      "precision": 0.8717948717948718,
      "recall": 0.8630798607211052,
      "f1": 0.8674154766608342,
      "num_samples": 8903.0
    },
    "OBJECTIVE": {
      "precision": 0.5956662056247118,
      "recall": 0.6223506743737958,
      "f1": 0.608716136631331,
      "num_samples": 2076.0
    },
    "RESULTS": {
      "precision": 0.842905816500365,
      "recall": 0.7968480386517888,
      "f1": 0.8192300869256697,
      "num_samples": 8693.0
    }
  }
}